Name                 ,Age        ,Email                                 ,Number
Kelly Barrows        ,1987-01-28 ,idalia@jast-nikolaus.test             ,967 309 3518
Dewayne Turcotte     ,1975-02-16 ,helen_klocko@hilll.test               ,712-181-6060
Alexander Howe       ,1962-12-11 ,gilda.hayes@considine.example         ,997 996 1245
Raymond Labadie      ,1992-03-02 ,delena@nader-hauck.example            ,588.069.2258
Cassi Maggio         ,2001-06-15 ,loren.daniel@botsford-hegmann.example ,306 925 9935
Levi Bogan           ,1986-05-19 ,marcos.kozey@kris-gutmann.test        ,409.102.4502
Hulda West           ,1970-12-13 ,king_grant@watsica.test               ,214-917-7810
Jacalyn Stokes       ,1977-08-22 ,rachel.quigley@nienow-kilback.example ,385-845-9331
Dewey Hane           ,1988-06-04 ,rickie@marvin.test                    ,755.565.0986
Donny Jacobs I       ,1988-06-01 ,dorthy@sipes-wilkinson.example        ,(248) 859 1135
Prof. Augustus Braun ,2004-12-22 ,karl@kessler-mraz.example             ,(936) 951 7220
Keitha Ankunding     ,1973-04-23 ,ross@cruickshank-kuvalis.example      ,402-359-3566
Janett Gutkowski     ,2003-10-18 ,caprice.haley@gutkowski.example       ,(758) 485-9243
Mr. Thaddeus Miller  ,1981-08-29 ,monty@rath.test                       ,721-801-4832
Charla Bartell Ret.  ,2002-04-02 ,dillon@davis.example                  ,436 834 9556
Aubrey Heidenreich   ,1981-01-13 ,yaeko@heathcote.test                  ,(776) 473 3914
Levi Moen V          ,1991-08-15 ,lela.hudson@weimann.example           ,533-881-0582
Roy Rodriguez IV     ,1966-07-02 ,lyman@rempel.test                     ,726.046.2025
Brandee Kshlerin     ,1979-02-26 ,latia.stehr@gottlieb-nicolas.test     ,(417) 486 0924
Amb. Jorge Kunze     ,1999-09-06 ,edmund@bahringer.test                 ,955-044-6703
